Workbook

Sheet Datos
A1: AÑO | B1: 2015 | C1: 2016 | D1: 2017 | E1: 2018 | F1: 2019 | G1: 2020 | H1: 2021 | I1: 2022 | J1: 2023 | K1: 2024 | L1: 2025
A2: Consumo aparente de plásticos (ton) | B2: 876000 | C2: 930000 | D2: 879000 | E2: 973000 | F2: 959000 | G2: 953000 | H2: 1334000 | I2: 1258000 | J2: 1155000 | K2: 1238000 | L2: 1339000
A3: Tasa de reciclaje total, todo tipo de plástico (%) | B3: 0.085 | C3: 0.085 | D3: 0.085 | E3: 0.085 | F3: 0.0905 | G3: 0.096 | H3: 0.087 | I3: 0.078 | J3: 0.0905 | K3: 0.103 | L3: 0.103
A4: Cantidad de plástico de todo tipo reciclado (ton) | B4: =+B2*B3 -> 74460 | C4: =+C2*C3 -> 79050 | D4: =+D2*D3 -> 74715 | E4: =+E3*E2 -> 82705 | F4: =+F2*F3 -> 86789.5 | G4: =+G3*G2 -> 91488 | H4: =+H2*H3 -> 116058 | I4: =+I3*I2 -> 98124 | J4: =+J2*J3 -> 104527.5 | K4: =+K3*K2 -> 127514 | L4: =+L3*L2 -> 137917
A5: Entradas envases y embalajes (48%) (ton) | B5: =+B2*0.48 -> 420480 | C5: =+C2*0.48 -> 446400 | D5: =+D2*0.48 -> 421920 | E5: =E2*0.48 -> 467040 | F5: =+F2*0.48 -> 460320 | G5: =+G2*0.48 -> 457440 | H5: =+H2*0.48 -> 640320 | I5: =+I2*0.48 -> 603840 | J5: =+J2*0.48 -> 554400 | K5: =+K2*0.48 -> 594240 | L5: =+L2*0.48 -> 642720
A6: Tasa de reciclaje de envases y embalajes (%) | B6: 0.07 | C6: 0.07 | D6: 0.07 | E6: 0.07 | F6: 0.08 | G6: 0.09 | H6: 0.1 | I6: 0.11 | J6: 0.12 | K6: 0.13 | L6: 0.14
A7: Cantidad de envases y emblajes reciclados (ton) | B7: =+B5*B6 -> 29433.6 | C7: =+C5*C6 -> 31248 | D7: =+D5*D6 -> 29534.4 | E7: =E5*E6 -> 32692.8 | F7: =+F5*F6 -> 36825.6 | G7: =+G5*G6 -> 41169.6 | H7: =+H5*H6 -> 64032 | I7: =+I5*I6 -> 66422.4 | J7: =+J5*J6 -> 66528 | K7: =+K5*K6 -> 77251.2 | L7: =+L5*L6 -> 89980.8
A8: Importación de materia prima reciclada (ton) | B8: 7636 | C8: 7636 | D8: 7636 | E8: 7745 | F8: 1558 | G8: 7373 | H8: 11251 | I8: 9864 | J8: 5989 | K8: 9822 | L8: 7504
A9: Importación de materia prima virgen (ton) | B9: 730000 | C9: 737000 | D9: 744000 | E9: 732000 | F9: 694000 | G9: 681000 | H9: 794000 | I9: 681000 | J9: 616000 | K9: 669000 | L9: 700000
A10: Importación de manufacturas plásticas (ton) | B10: 261000 | C10: 313000 | D10: 293000 | E10: 339000 | F10: 347000 | G10: 347000 | H10: 523000 | I10: 546000 | J10: 483000 | K10: 498000 | L10: 578000
A11: Exportación de manufacturas plásticas (productos procesados) (ton) | B11: 71000 | C11: 71000 | D11: 83208 | E11: 85000 | F11: 81000 | G11: 75145 | H11: 86000 | I11: 82000 | J11: 69000 | K11: 73000 | L11: 76000
A12: Producción de materia prima reciclada (ton) | B12: 83679 | C12: 83679 | D12: 83679 | E12: 83679 | F12: 88197.5 | G12: 92716 | H12: 97815 | I12: 106870 | J12: 114885 | K12: 127177 | L12: 139259
A13: Población total (habitantes) | B13: 18047625 | C13: 18267221 | D13: 18558868 | E13: 18893191 | F13: 19197744 | G13: 19370624 | H13: 19456334 | I13: 19553036 | J13: 19658835 | K13: 19764771 | L13: 19859921

Sheet Resinas
A1: Material Gestionado País (MGP) por Tipo de Resina
A2: AÑO | B2: 2015 | C2: 2016 | D2: 2017 | E2: 2018 | F2: 2019 | G2: 2020 | H2: 2021 | I2: 2022 | J2: 2023 | K2: 2024 | L2: 2025 | N2: Según la Asociación Nacional de la Industria del Reciclaje (ANIR) en Chile, el Material Gestionado País (MGP) en plásticos es la cantidad de envases, embalajes o resinas plásticas de posconsumo que fueron efectivamente recolectadas, recuperadas y enviadas a procesos de valorización dentro del territorio nacional o mediante su exportación.
A3: PET | B3: 12294 | C3: 12294 | D3: 12981 | E3: 15217 | F3: 17587 | G3: 19142 | H3: 24405 | I3: 22014 | J3: 22771 | K3: 20536 | L3: 20536
A4: PP | B4: 8235 | C4: 8235 | D4: 8400 | E4: 835 | F4: 793 | G4: 17785 | H4: 20356 | I4: 17536 | J4: 19155 | K4: 20436 | L4: 20436
A5: PE | B5: 40941 | C5: 40941 | D5: 41760 | E5: 39477 | F5: 37783 | G5: 38933 | H5: 45690 | I5: 46089 | J5: 54433 | K5: 57969 | L5: 57969
A9: Consumo local por Tipo de Resina
A10: AÑO | B10: 2015 | C10: 2016 | D10: 2017 | E10: 2018 | F10: 2019 | G10: 2020 | H10: 2021 | I10: 2022 | J10: 2023 | K10: 2024 | L10: 2025
A11: PET | B11: 80969 | C11: 96540 | D11: 86551 | E11: 94548 | F11: 97348 | G11: 101801 | H11: 131218 | I11: =17.1%*Datos!I2 -> 215118 | J11: =17.1%*Datos!J2 -> 197505 | K11: =12%*Datos!K2 -> 148560 | L11: =12%*Datos!L2 -> 160680
A12: PP | B12: 94966 | C12: 77782 | D12: 82943 | E12: 93848 | F12: 88553 | G12: 57681 | H12: 114887 | I12: =+Datos!I2*10% -> 125800 | J12: =+Datos!J2*10% -> 115500 | K12: =11%*Datos!K2 -> 136180 | L12: =11%*Datos!L2 -> 147290
A13: PE | B13: 326828 | C13: 320001 | D13: 321177 | E13: 351420 | F13: 335196 | G13: 350930 | H13: 419315 | I13: =+Datos!I2*34.8% -> 437784 | J13: =+Datos!J2*34.8% -> 401940 | K13: =21%*Datos!K2+22%*Datos!K2 -> 532340 | L13: =21%*Datos!L2+22%*Datos!L2 -> 575770
A17: Importación de Materia Prima Virgen por Tipo de Resina
A18: AÑO | B18: 2015 | C18: 2016 | D18: 2017 | E18: 2018 | F18: 2019 | G18: 2020 | H18: 2021 | I18: 2022 | J18: 2023 | K18: 2024 | L18: 2025
A19: PET | B19: =13%*Datos!B9 -> 94900 | C19: =13%*Datos!C9 -> 95810 | D19: =15%*Datos!D9 -> 111600 | E19: =0.15*Datos!E9 -> 109800 | F19: =0.15*Datos!F9 -> 104100 | G19: =0.15*Datos!G9 -> 102150 | H19: =0.15*Datos!H9 -> 119100 | I19: =15%*Datos!I9 -> 102150 | J19: =15%*Datos!J9 -> 92400 | K19: =14%*Datos!K9 -> 93660 | L19: =K19*108% -> 101152.8
A20: PP | B20: =5%*Datos!B9 -> 36500 | C20: =12000+40000 -> 52000 | D20: =13000+48000 -> 61000 | E20: =0.079591*Datos!E9 -> 58260.612 | F20: =0.077194*Datos!F9 -> 53572.636 | G20: =0.074796*Datos!G9 -> 50936.076 | H20: =0.072398*Datos!H9 -> 57484.012 | I20: =7%*Datos!I9 -> 47670 | J20: 62000 | K20: 64000 | L20: =11%*Datos!L9 -> 77000
A21: PEAD | B21: =20%*Datos!B9 -> 146000 | C21: 146000 | D21: 143000 | E21: =0.193763*Datos!E9 -> 141834.52 | F21: =0.195323*Datos!F9 -> 135554.16 | G21: =0.196882*Datos!G9 -> 134076.64 | H21: =0.198441*Datos!H9 -> 157562.15 | I21: =20%*Datos!I9 -> 136200 | J21: =24%*Datos!J9 -> 147840 | K21: =25%*Datos!K9 -> 167250 | L21: =25%*Datos!L9 -> 175000
A22: PEBDL | B22: =13%*Datos!B9 -> 94900 | C22: 97000 | D22: 101000 | E22: =0.148602*Datos!E9 -> 108776.66 | F22: =0.161452*Datos!F9 -> 112047.69 | G22: =0.174301*Datos!G9 -> 118698.98 | H22: =0.187151*Datos!H9 -> 148597.89 | I22: =20%*Datos!I9 -> 136200 | J22: =16%*Datos!J9 -> 98560 | K22: =17%*Datos!K9 -> 113730 | L22: =17%*Datos!L9 -> 119000
A23: PEBD | B23: =12%*Datos!B9 -> 87600 | C23: 88000 | D23: 84000 | E23: =0.108323*Datos!E9 -> 79292.436 | F23: =0.103742*Datos!F9 -> 71996.948 | G23: =0.099161*Datos!G9 -> 67528.641 | H23: =0.094581*Datos!H9 -> 75097.314 | I23: =9%*Datos!I9 -> 61290 | J23: 100000 | K23: 63000 | L23: =9%*Datos!L9 -> 63000
A24: PE | B24: =B23+B21+B22 -> 328500 | C24: =C23+C21+C22 -> 331000 | D24: =+D21+D22+D23 -> 328000 | E24: =E21+E22+E23 -> 329903.62 | F24: =F21+F22+F23 -> 319598.8 | G24: =G21+G22+G23 -> 320304.26 | H24: =H21+H22+H23 -> 381257.36 | I24: =+I21+I22+I23 -> 333690 | J24: =+J21+J22+J23 -> 346400 | K24: =+K21+K22+K23 -> 343980 | L24: =L21+L22+L23 -> 357000

Sheet Emisiones
A1: Factores de emisión de CO2 eq para resinas plásticas
A2: Resina | B2: EF virgen | C2: EF reciclado
A3: PET | B3: 2940 | C3: 510
A4: PP | B4: 1900 | C4: 348
A5: PE | B5: 1955 | C5: 348

Sheet Metas_REP
A1: Metas de Recolección y Valorización para Envases No Domiciliarios
A2: AÑO | B2: 2023 | C2: 2024 | D2: 2025
A3: Plástico | B3: 0.13 | C3: 0.17 | D3: 0.22

Sheet Desarrollo de indicadores
A1: Indicador | B1: Definición | C1: Variables | D1: RESINA | E1: 2015 | F1: 2016 | G1: 2017 | H1: 2018 | I1: 2019 | J1: 2020 | K1: 2021 | L1: 2022 | M1: 2023 | N1: 2024 | O1: 2025
A2: TR_total | B2: Tasa de reciclaje total | C2: Rtotal/Ctotal | E2: =Datos!B3 -> 0.085 | F2: =Datos!C3 -> 0.085 | G2: =Datos!D3 -> 0.085 | H2: =Datos!E3 -> 0.085 | I2: =Datos!F3 -> 0.0905 | J2: =Datos!G3 -> 0.096 | K2: =Datos!H3 -> 0.087 | L2: =Datos!I3 -> 0.078 | ... O2: =Datos!L3 -> 0.103
A3: TR_packaging | B3: Tasa de reciclaje de envases y embalajes | C3: Rpackaging/Gpackaging | E3: =Datos!B6 -> 0.07 | F3: =Datos!C6 -> 0.07 | G3: =Datos!D6 -> 0.07 | H3: =Datos!E6 -> 0.07 | I3: =Datos!F6 -> 0.08 | J3: =Datos!G6 -> 0.09 | K3: =Datos!H6 -> 0.1 | L3: =Datos!I6 -> 0.11 | ... O3: =Datos!L6 -> 0.14
A4: Tgr | B4: Escala de generación de residuos de envases | C4: Gpackaging/P, kg/hab/año | E4: =Datos!B5*1000/Datos!B13 -> 23.298356 | F4: =Datos!C5*1000/Datos!C13 -> 24.437215 | G4: =Datos!D5*1000/Datos!D13 -> 22.734145 | H4: =Datos!E5*1000/Datos!E13 -> 24.720017 | I4: =Datos!F5*1000/Datos!F13 -> 23.977817 | J4: =Datos!G5*1000/Datos!G13 -> 23.61514 | K4: =Datos!H5*1000/Datos!H13 -> 32.910619 | L4: =Datos!I5*1000/Datos!I13 -> 30.882161 | ... O4: =Datos!L5*1000/Datos!L13 -> 32.362666
C5: P= población
A6: IC_REP_est | B6: Indicador estimado de avance respecto de la meta REP | C6: Vrec,t / (meta_t x Gpackaging,t-1) | M6: =+Datos!J7/(Metas_REP!B3*Datos!I5) -> 0.84749908 | N6: =+Datos!K7/(Metas_REP!C3*Datos!J5) -> 0.81965877 | O6: =+Datos!L7/(Metas_REP!D3*Datos!K5) -> 0.68828022
C7: Disponible desde 2023, inicio de la implementación operativa de las metas para envases
A8: MCI | B8: No calculado | C8: No se reporta una serie numérica sin una frontera coherente y datos auditables
C9: V = entrada virgen; disponible solo como importación, no como entrada total al producto
C10: W = residuos no recuperados; no disponible con la misma frontera
C11: Wf = pérdidas de producción de materia prima reciclada; no disponible
C12: Wc = pérdidas del reciclaje al final de vida; no disponible
C13: F(X) = utilidad/durabilidad del producto; no disponible para el sistema nacional
A14: eC | B14: Circularidad efectiva | C14: Qrec = materia prima gestionada o reciclada de la resina j | D14: PET | E14: =+Resinas!B3/Resinas!B19 -> 0.12954689 | F14: =+Resinas!C3/Resinas!C19 -> 0.12831646 | G14: =+Resinas!D3/Resinas!D19 -> 0.1163172 | H14: =+Resinas!E3/Resinas!E19 -> 0.13858834 | I14: =+Resinas!F3/Resinas!F19 -> 0.16894332 | J14: =+Resinas!G3/Resinas!G19 -> 0.18739109 | K14: =+Resinas!H3/Resinas!H19 -> 0.20491184 | L14: =+Resinas!I3/Resinas!I19 -> 0.21550661 | ... O14: =+Resinas!L3/Resinas!L19 -> 0.20301959
C15: eC(j,t) = Qrec(j,t) / Qvir(j,t) | D15: PP | E15: =+Resinas!B4/Resinas!B20 -> 0.22561644 | F15: =+Resinas!C4/Resinas!C20 -> 0.15836538 | G15: =+Resinas!D4/Resinas!D20 -> 0.13770492 | H15: =+Resinas!E4/Resinas!E20 -> 0.014332153 | I15: =+Resinas!F4/Resinas!F20 -> 0.014802333 | J15: =+Resinas!G4/Resinas!G20 -> 0.34916314 | K15: =+Resinas!H4/Resinas!H20 -> 0.35411585 | L15: =+Resinas!I4/Resinas!I20 -> 0.36786239 | ... O15: =+Resinas!L4/Resinas!L20 -> 0.2654026
C16: Qvir = materia prima virgen de la resina j | D16: PE | E16: =+Resinas!B5/Resinas!B24 -> 0.12463014 | F16: =+Resinas!C5/Resinas!C24 -> 0.12368882 | G16: =+Resinas!D5/Resinas!D24 -> 0.12731707 | H16: =+Resinas!E5/Resinas!E24 -> 0.11966222 | I16: =+Resinas!F5/Resinas!F24 -> 0.11822009 | J16: =+Resinas!G5/Resinas!G24 -> 0.12155005 | K16: =+Resinas!H5/Resinas!H24 -> 0.11984031 | L16: =+Resinas!I5/Resinas!I24 -> 0.13811921 | ... O16: =+Resinas!L5/Resinas!L24 -> 0.16237815
A17: IRP | B17: Potencial de Reducción de Impacto | C17: Evir= impacto por kg de plástico virgen | D17: PET | E17: =(Emisiones!$B$3-Emisiones!$C$3)*Resinas!B3/1000000000 -> 0.02987442 | F17: =(Emisiones!$B$3-Emisiones!$C$3)*Resinas!C3/1000000000 -> 0.02987442 | G17: =(Emisiones!$B$3-Emisiones!$C$3)*Resinas!D3/1000000000 -> 0.03154383 | H17: =(Emisiones!$B$3-Emisiones!$C$3)*Resinas!E3/1000000000 -> 0.03697731 | I17: =(Emisiones!$B$3-Emisiones!$C$3)*Resinas!F3/1000000000 -> 0.04273641 | J17: =(Emisiones!$B$3-Emisiones!$C$3)*Resinas!G3/1000000000 -> 0.04651506 | K17: =(Emisiones!$B$3-Emisiones!$C$3)*Resinas!H3/1000000000 -> 0.05930415 | L17: =(Emisiones!$B$3-Emisiones!$C$3)*Resinas!I3/1000000000 -> 0.05349402 | ... O17: =(Emisiones!$B$3-Emisiones!$C$3)*Resinas!L3/1000000000 -> 0.04990248
C18: Erec= impacto por kg de plástico reciclado | D18: PP | E18: =(Emisiones!$B$4-Emisiones!$C$4)*Resinas!B4/1000000000 -> 0.01278072 | F18: =(Emisiones!$B$4-Emisiones!$C$4)*Resinas!C4/1000000000 -> 0.01278072 | G18: =(Emisiones!$B$4-Emisiones!$C$4)*Resinas!D4/1000000000 -> 0.0130368 | H18: =(Emisiones!$B$4-Emisiones!$C$4)*Resinas!E4/1000000000 -> 0.00129592 | I18: =(Emisiones!$B$4-Emisiones!$C$4)*Resinas!F4/1000000000 -> 0.001230736 | J18: =(Emisiones!$B$4-Emisiones!$C$4)*Resinas!G4/1000000000 -> 0.02760232 | K18: =(Emisiones!$B$4-Emisiones!$C$4)*Resinas!H4/1000000000 -> 0.031592512 | L18: =(Emisiones!$B$4-Emisiones!$C$4)*Resinas!I4/1000000000 -> 0.027215872 | ... O18: =(Emisiones!$B$4-Emisiones!$C$4)*Resinas!L4/1000000000 -> 0.031716672
C19: Qrec= materia prima gestionada de resina j | D19: PE | E19: =(Emisiones!$B$5-Emisiones!$C$5)*Resinas!B5/1000000000 -> 0.065792187 | F19: =(Emisiones!$B$5-Emisiones!$C$5)*Resinas!C5/1000000000 -> 0.065792187 | G19: =(Emisiones!$B$5-Emisiones!$C$5)*Resinas!D5/1000000000 -> 0.06710832 | H19: =(Emisiones!$B$5-Emisiones!$C$5)*Resinas!E5/1000000000 -> 0.063439539 | I19: =(Emisiones!$B$5-Emisiones!$C$5)*Resinas!F5/1000000000 -> 0.060717281 | J19: =(Emisiones!$B$5-Emisiones!$C$5)*Resinas!G5/1000000000 -> 0.062565331 | K19: =(Emisiones!$B$5-Emisiones!$C$5)*Resinas!H5/1000000000 -> 0.07342383 | L19: =(Emisiones!$B$5-Emisiones!$C$5)*Resinas!I5/1000000000 -> 0.074065023 | ... O19: =(Emisiones!$B$5-Emisiones!$C$5)*Resinas!L5/1000000000 -> 0.093156183
A20: IRP_total | B20: Total IRP | C20: Suma PET, PP y PE | E20: =SUM(E17:E19) -> 0.10844733 | F20: =SUM(F17:F19) -> 0.10844733 | G20: =SUM(G17:G19) -> 0.11168895 | H20: =SUM(H17:H19) -> 0.10171277 | I20: =SUM(I17:I19) -> 0.10468443 | J20: =SUM(J17:J19) -> 0.13668271 | K20: =SUM(K17:K19) -> 0.16432049 | L20: =SUM(L17:L19) -> 0.15477492 | ... O20: =SUM(O17:O19) -> 0.17477534
